red_density,precision,recall,F1_score,TP,FP,tot_lights
0.4,0.637139807898,0.781157998037,0.701836884644,2388,1360,3057
